feature,importance_mean,importance_std
grid,0.15050437530384056,0.01693627157718332
con_avg_points_5,0.02652224112785611,0.010405368858279411
drv_avg_points_5,0.016692999513855146,0.006242034557904725
drv_dnf_rate_5,0.0,0.0
drv_circuit_avg_finish,0.0,0.0
drv_avg_finish_5,-0.01485375141792255,0.006050739798763496
